{
  "majors": [
    {
      "id": 1,
      "name": "Computer"
    },
    {
      "id": 2,
      "name": "Mathematics"
    },
    {
      "id": 3,
      "name": "Laws"
    },
    {
      "id": 4,
      "name": "Electronics"
    },
    {
      "id": 5,
      "name": "Economics"
    }
  ],
  "students": [
    {
      "fullname": "Mark Zuckerberg",
      "photo": "https://upload.wikimedia.org/wikipedia/commons/c/c4/Mark_Zuckerberg_F8_2018_Keynote_%28cropped%29.jpg",
      "university": "University of Cambridge",
      "mobile": 987633100,
      "email": "mark.z@gmail.com",
      "birth": "1984-05-14",
      "idCard": 1677700012,
      "major": "Computer",
      "id": 2
    },
    {
      "fullname": "Nikola Tesla",
      "photo": "https://www.triesteallnews.it/wp-content/images/2021/08/nikola-tesla-mostra-trieste-.jpg",
      "university": "Stanford University ",
      "mobile": 968849932,
      "email": "tesla@gmail.com",
      "birth": "1957-02-19",
      "idCard": 9876222299,
      "major": "Electronics",
      "id": 3
    },
    {
      "fullname": "Maryam Mirzakhani",
      "photo": "https://cdn.prod.www.spiegel.de/images/25b3ae68-0001-0004-0000-000001165925_w1200_r1_fpx45.33_fpy44.98.jpg",
      "university": "Imperial College London ",
      "mobile": 976283742,
      "email": "maryamM@gmail.com",
      "birth": "1982-06-24",
      "idCard": 9876122201,
      "major": "Mathematics",
      "id": 4
    },
    {
      "fullname": "Steven Paul Jobs",
      "photo": "https://img.welt.de/img/wirtschaft/mobile138710480/6882506367-ci102l-w1024/Steve-Jobs-auf-der-2005-Macworld-Expo.jpg",
      "university": "University of Oxford",
      "mobile": 9981755632,
      "email": "stevejobs@gmail.com",
      "birth": "1978-02-24",
      "idCard": 1110009422,
      "major": "Computer",
      "id": 5
    }
  ]
}